{
  "adamw": {
    "alphas": [
      -0.05,
      -0.030000000000000002,
      -0.010000000000000002,
      0.009999999999999995,
      0.03,
      0.05
    ],
    "losses": [
      0.45686791042486824,
      0.4456182171901067,
      0.44973449806372323,
      0.4671502734224002,
      0.4903045584758123,
      0.5162692765394846
    ],
    "sharpness": 0.02025058045983315,
    "epsilon": 0.05,
    "n_points": 6,
    "n_samples_eval": 30,
    "seed": 42,
    "mode": "cpu_low"
  },
  "sgd": {
    "alphas": [
      -0.05,
      -0.030000000000000002,
      -0.010000000000000002,
      0.009999999999999995,
      0.03,
      0.05
    ],
    "losses": [
      1.3891717910766601,
      1.3868492126464844,
      1.3858813842137654,
      1.3855045080184936,
      1.385732889175415,
      1.3864020903905232
    ],
    "sharpness": 0.0010858045683967237,
    "epsilon": 0.05,
    "n_points": 6,
    "n_samples_eval": 30,
    "seed": 42,
    "mode": "cpu_low"
  },
  "adafactor": {
    "alphas": [
      -0.05,
      -0.030000000000000002,
      -0.010000000000000002,
      0.009999999999999995,
      0.03,
      0.05
    ],
    "losses": [
      0.5865619797259569,
      0.5995673983047406,
      0.6558598792801301,
      0.6781731814146041,
      0.6953499654928843,
      0.7070794931302468
    ],
    "sharpness": 0.03976889712115126,
    "epsilon": 0.05,
    "n_points": 6,
    "n_samples_eval": 30,
    "seed": 42,
    "mode": "cpu_low"
  }
}