{
  "adamw": 0.02025058045983315,
  "sgd": 0.0010858045683967237,
  "adafactor": 0.03976889712115126
}